id,name,parent,role,version,loc
k9.Account,Account,k9,Information Holder,2011-02-02-k9-f75c1073111790fb396e1d9e6d476a13d565ea59,1342
k9.AccountStats,AccountStats,k9,Information Holder,2011-02-02-k9-f75c1073111790fb396e1d9e6d476a13d565ea59,12
k9.BaseAccount,BaseAccount,k9,Information Holder,2011-02-02-k9-f75c1073111790fb396e1d9e6d476a13d565ea59,9
k9.EmailAddressAdapter,EmailAddressAdapter,k9,Service Provider,2011-02-02-k9-f75c1073111790fb396e1d9e6d476a13d565ea59,61
k9.EmailAddressValidator,EmailAddressValidator,k9,Service Provider,2011-02-02-k9-f75c1073111790fb396e1d9e6d476a13d565ea59,18
k9.EmailReceivedIntent,EmailReceivedIntent,k9,Information Holder,2011-02-02-k9-f75c1073111790fb396e1d9e6d476a13d565ea59,13
k9.FontSizes,FontSizes,k9,Information Holder,2011-02-02-k9-f75c1073111790fb396e1d9e6d476a13d565ea59,336
k9.Identity,Identity,k9,Information Holder,2011-02-02-k9-f75c1073111790fb396e1d9e6d476a13d565ea59,65
k9.K9,K9,k9,Coordinator,2011-02-02-k9-f75c1073111790fb396e1d9e6d476a13d565ea59,831
k9.NotificationSetting,NotificationSetting,k9,Information Holder,2011-02-02-k9-f75c1073111790fb396e1d9e6d476a13d565ea59,140
k9.Preferences,Preferences,k9,Structurer,2011-02-02-k9-f75c1073111790fb396e1d9e6d476a13d565ea59,174
k9.SearchAccount,SearchAccount,k9,Information Holder,2011-02-02-k9-f75c1073111790fb396e1d9e6d476a13d565ea59,116
k9.SearchSpecification,SearchSpecification,k9,Service Provider,2011-02-02-k9-f75c1073111790fb396e1d9e6d476a13d565ea59,11
k9.activity.AccessibleEmailContentActivity,AccessibleEmailContentActivity,k9.activity,Service Provider,2011-02-02-k9-f75c1073111790fb396e1d9e6d476a13d565ea59,79
k9.activity.Accounts,Accounts,k9.activity,Service Provider,2011-02-02-k9-f75c1073111790fb396e1d9e6d476a13d565ea59,763
k9.activity.ActivityListener,ActivityListener,k9.activity,Service Provider,2011-02-02-k9-f75c1073111790fb396e1d9e6d476a13d565ea59,168
k9.activity.ChooseAccount,ChooseAccount,k9.activity,Interfacer,2011-02-02-k9-f75c1073111790fb396e1d9e6d476a13d565ea59,111
k9.activity.ChooseFolder,ChooseFolder,k9.activity,Interfacer,2011-02-02-k9-f75c1073111790fb396e1d9e6d476a13d565ea59,312
k9.activity.ChooseIdentity,ChooseIdentity,k9.activity,Interfacer,2011-02-02-k9-f75c1073111790fb396e1d9e6d476a13d565ea59,83
k9.activity.ColorPickerDialog,ColorPickerDialog,k9.activity,Interfacer,2011-02-02-k9-f75c1073111790fb396e1d9e6d476a13d565ea59,166
k9.activity.EditIdentity,EditIdentity,k9.activity,Interfacer,2011-02-02-k9-f75c1073111790fb396e1d9e6d476a13d565ea59,139
k9.activity.FolderInfoHolder,FolderInfoHolder,k9.activity,Service Provider,2011-02-02-k9-f75c1073111790fb396e1d9e6d476a13d565ea59,131
k9.activity.FolderList,FolderList,k9.activity,Interfacer,2011-02-02-k9-f75c1073111790fb396e1d9e6d476a13d565ea59,619
k9.activity.FolderListFilter,FolderListFilter,k9.activity,Service Provider,2011-02-02-k9-f75c1073111790fb396e1d9e6d476a13d565ea59,122
k9.activity.InsertableHtmlContent,InsertableHtmlContent,k9.activity,Information Holder,2011-02-02-k9-f75c1073111790fb396e1d9e6d476a13d565ea59,151
k9.activity.K9Activity,K9Activity,k9.activity,Coordinator,2011-02-02-k9-f75c1073111790fb396e1d9e6d476a13d565ea59,109
k9.activity.K9ExpandableListActivity,K9ExpandableListActivity,k9.activity,Interfacer,2011-02-02-k9-f75c1073111790fb396e1d9e6d476a13d565ea59,16
k9.activity.K9ListActivity,K9ListActivity,k9.activity,Interfacer,2011-02-02-k9-f75c1073111790fb396e1d9e6d476a13d565ea59,99
k9.activity.K9PreferenceActivity,K9PreferenceActivity,k9.activity,Coordinator,2011-02-02-k9-f75c1073111790fb396e1d9e6d476a13d565ea59,61
k9.activity.LauncherShortcuts,LauncherShortcuts,k9.activity,Interfacer,2011-02-02-k9-f75c1073111790fb396e1d9e6d476a13d565ea59,61
k9.activity.ManageIdentities,ManageIdentities,k9.activity,Interfacer,2011-02-02-k9-f75c1073111790fb396e1d9e6d476a13d565ea59,141
k9.activity.MessageCompose,MessageCompose,k9.activity,Interfacer,2011-02-02-k9-f75c1073111790fb396e1d9e6d476a13d565ea59,2493
k9.activity.MessageInfoHolder,MessageInfoHolder,k9.activity,Information Holder,2011-02-02-k9-f75c1073111790fb396e1d9e6d476a13d565ea59,54
k9.activity.MessageList,MessageList,k9.activity,Interfacer,2011-02-02-k9-f75c1073111790fb396e1d9e6d476a13d565ea59,1875
k9.activity.MessageReference,MessageReference,k9.activity,Service Provider,2011-02-02-k9-f75c1073111790fb396e1d9e6d476a13d565ea59,44
k9.activity.MessageView,MessageView,k9.activity,Interfacer,2011-02-02-k9-f75c1073111790fb396e1d9e6d476a13d565ea59,1412
k9.activity.ProgressListener,ProgressListener,k9.activity,Service Provider,2011-02-02-k9-f75c1073111790fb396e1d9e6d476a13d565ea59,32
k9.activity.Search,Search,k9.activity,Information Holder,2011-02-02-k9-f75c1073111790fb396e1d9e6d476a13d565ea59,5
k9.activity.SearchModifier,SearchModifier,k9.activity,Information Holder,2011-02-02-k9-f75c1073111790fb396e1d9e6d476a13d565ea59,19
k9.activity.setup.AccountSettings,AccountSettings,k9.activity.setup,Interfacer,2011-02-02-k9-f75c1073111790fb396e1d9e6d476a13d565ea59,851
k9.activity.setup.AccountSetupAccountType,AccountSetupAccountType,k9.activity.setup,Interfacer,2011-02-02-k9-f75c1073111790fb396e1d9e6d476a13d565ea59,113
k9.activity.setup.AccountSetupBasics,AccountSetupBasics,k9.activity.setup,Structurer,2011-02-02-k9-f75c1073111790fb396e1d9e6d476a13d565ea59,412
k9.activity.setup.AccountSetupCheckSettings,AccountSetupCheckSettings,k9.activity.setup,Interfacer,2011-02-02-k9-f75c1073111790fb396e1d9e6d476a13d565ea59,333
k9.activity.setup.AccountSetupComposition,AccountSetupComposition,k9.activity.setup,Interfacer,2011-02-02-k9-f75c1073111790fb396e1d9e6d476a13d565ea59,135
k9.activity.setup.AccountSetupIncoming,AccountSetupIncoming,k9.activity.setup,Interfacer,2011-02-02-k9-f75c1073111790fb396e1d9e6d476a13d565ea59,485
k9.activity.setup.AccountSetupNames,AccountSetupNames,k9.activity.setup,Interfacer,2011-02-02-k9-f75c1073111790fb396e1d9e6d476a13d565ea59,95
k9.activity.setup.AccountSetupOptions,AccountSetupOptions,k9.activity.setup,Interfacer,2011-02-02-k9-f75c1073111790fb396e1d9e6d476a13d565ea59,151
k9.activity.setup.AccountSetupOutgoing,AccountSetupOutgoing,k9.activity.setup,Interfacer,2011-02-02-k9-f75c1073111790fb396e1d9e6d476a13d565ea59,343
k9.activity.setup.FolderSettings,FolderSettings,k9.activity.setup,Interfacer,2011-02-02-k9-f75c1073111790fb396e1d9e6d476a13d565ea59,169
k9.activity.setup.FontSizeSettings,FontSizeSettings,k9.activity.setup,Interfacer,2011-02-02-k9-f75c1073111790fb396e1d9e6d476a13d565ea59,156
k9.activity.setup.Prefs,Prefs,k9.activity.setup,Interfacer,2011-02-02-k9-f75c1073111790fb396e1d9e6d476a13d565ea59,326
k9.activity.setup.SpinnerHelper,SpinnerHelper,k9.activity.setup,Service Provider,2011-02-02-k9-f75c1073111790fb396e1d9e6d476a13d565ea59,61
k9.activity.setup.SpinnerOption,SpinnerOption,k9.activity.setup,Information Holder,2011-02-02-k9-f75c1073111790fb396e1d9e6d476a13d565ea59,32
k9.controller.MessageDateComparator,MessageDateComparator,k9.controller,Service Provider,2011-02-02-k9-f75c1073111790fb396e1d9e6d476a13d565ea59,26
k9.controller.MessageRemovalListener,MessageRemovalListener,k9.controller,Service Provider,2011-02-02-k9-f75c1073111790fb396e1d9e6d476a13d565ea59,6
k9.controller.MessageRetrievalListener,MessageRetrievalListener,k9.controller,Service Provider,2011-02-02-k9-f75c1073111790fb396e1d9e6d476a13d565ea59,13
k9.controller.MessagingController,MessagingController,k9.controller,Controller,2011-02-02-k9-f75c1073111790fb396e1d9e6d476a13d565ea59,4613
k9.controller.MessagingControllerPushReceiver,MessagingControllerPushReceiver,k9.controller,Coordinator,2011-02-02-k9-f75c1073111790fb396e1d9e6d476a13d565ea59,124
k9.controller.MessagingListener,MessagingListener,k9.controller,Service Provider,2011-02-02-k9-f75c1073111790fb396e1d9e6d476a13d565ea59,184
k9.crypto.Apg,Apg,k9.crypto,Structurer,2011-02-02-k9-f75c1073111790fb396e1d9e6d476a13d565ea59,510
k9.crypto.CryptoProvider,CryptoProvider,k9.crypto,Service Provider,2011-02-02-k9-f75c1073111790fb396e1d9e6d476a13d565ea59,35
k9.crypto.None,None,k9.crypto,Information Holder,2011-02-02-k9-f75c1073111790fb396e1d9e6d476a13d565ea59,78
k9.crypto.PgpData,PgpData,k9.crypto,Information Holder,2011-02-02-k9-f75c1073111790fb396e1d9e6d476a13d565ea59,77
k9.helper.AutoSyncHelper,AutoSyncHelper,k9.helper,Service Provider,2011-02-02-k9-f75c1073111790fb396e1d9e6d476a13d565ea59,124
k9.helper.AutoSyncSdk3,AutoSyncSdk3,k9.helper,Information Holder,2011-02-02-k9-f75c1073111790fb396e1d9e6d476a13d565ea59,44
k9.helper.AutoSyncSdk4,AutoSyncSdk4,k9.helper,Information Holder,2011-02-02-k9-f75c1073111790fb396e1d9e6d476a13d565ea59,44
k9.helper.AutoSyncSdk5,AutoSyncSdk5,k9.helper,Service Provider,2011-02-02-k9-f75c1073111790fb396e1d9e6d476a13d565ea59,18
k9.helper.Contacts,Contacts,k9.helper,Information Holder,2011-02-02-k9-f75c1073111790fb396e1d9e6d476a13d565ea59,173
k9.helper.ContactsSdk3_4,ContactsSdk3_4,k9.helper,Structurer,2011-02-02-k9-f75c1073111790fb396e1d9e6d476a13d565ea59,235
k9.helper.ContactsSdk5,ContactsSdk5,k9.helper,Structurer,2011-02-02-k9-f75c1073111790fb396e1d9e6d476a13d565ea59,202
k9.helper.ContactsSdk5p,ContactsSdk5p,k9.helper,Service Provider,2011-02-02-k9-f75c1073111790fb396e1d9e6d476a13d565ea59,107
k9.helper.DateFormatter,DateFormatter,k9.helper,Structurer,2011-02-02-k9-f75c1073111790fb396e1d9e6d476a13d565ea59,85
k9.helper.DomainNameChecker,DomainNameChecker,k9.helper,Service Provider,2011-02-02-k9-f75c1073111790fb396e1d9e6d476a13d565ea59,327
k9.helper.HtmlConverter,HtmlConverter,k9.helper,Service Provider,2011-02-02-k9-f75c1073111790fb396e1d9e6d476a13d565ea59,1030
k9.helper.IAutoSync,IAutoSync,k9.helper,Service Provider,2011-02-02-k9-f75c1073111790fb396e1d9e6d476a13d565ea59,24
k9.helper.MediaScannerNotifier,MediaScannerNotifier,k9.helper,Service Provider,2011-02-02-k9-f75c1073111790fb396e1d9e6d476a13d565ea59,40
k9.helper.MessageHelper,MessageHelper,k9.helper,Service Provider,2011-02-02-k9-f75c1073111790fb396e1d9e6d476a13d565ea59,99
k9.helper.Regex,Regex,k9.helper,Information Holder,2011-02-02-k9-f75c1073111790fb396e1d9e6d476a13d565ea59,218
k9.helper.SizeFormatter,SizeFormatter,k9.helper,Service Provider,2011-02-02-k9-f75c1073111790fb396e1d9e6d476a13d565ea59,26
k9.helper.Utility,Utility,k9.helper,Service Provider,2011-02-02-k9-f75c1073111790fb396e1d9e6d476a13d565ea59,673
k9.helper.power.TracingPowerManager,TracingPowerManager,k9.helper.power,Service Provider,2011-02-02-k9-f75c1073111790fb396e1d9e6d476a13d565ea59,39
k9.mail.Address,Address,k9.mail,Service Provider,2011-02-02-k9-f75c1073111790fb396e1d9e6d476a13d565ea59,391
k9.mail.AuthenticationFailedException,AuthenticationFailedException,k9.mail,Information Holder,2011-02-02-k9-f75c1073111790fb396e1d9e6d476a13d565ea59,13
k9.mail.Body,Body,k9.mail,Service Provider,2011-02-02-k9-f75c1073111790fb396e1d9e6d476a13d565ea59,9
k9.mail.BodyPart,BodyPart,k9.mail,Information Holder,2011-02-02-k9-f75c1073111790fb396e1d9e6d476a13d565ea59,13
k9.mail.CertificateValidationException,CertificateValidationException,k9.mail,Information Holder,2011-02-02-k9-f75c1073111790fb396e1d9e6d476a13d565ea59,13
k9.mail.FetchProfile,FetchProfile,k9.mail,Structurer,2011-02-02-k9-f75c1073111790fb396e1d9e6d476a13d565ea59,23
k9.mail.Flag,Flag,k9.mail,Information Holder,2011-02-02-k9-f75c1073111790fb396e1d9e6d476a13d565ea59,49
k9.mail.Folder,Folder,k9.mail,Structurer,2011-02-02-k9-f75c1073111790fb396e1d9e6d476a13d565ea59,178
k9.mail.Message,Message,k9.mail,Structurer,2011-02-02-k9-f75c1073111790fb396e1d9e6d476a13d565ea59,172
k9.mail.MessagingException,MessagingException,k9.mail,Information Holder,2011-02-02-k9-f75c1073111790fb396e1d9e6d476a13d565ea59,32
k9.mail.Multipart,Multipart,k9.mail,Structurer,2011-02-02-k9-f75c1073111790fb396e1d9e6d476a13d565ea59,82
k9.mail.Part,Part,k9.mail,Service Provider,2011-02-02-k9-f75c1073111790fb396e1d9e6d476a13d565ea59,19
k9.mail.PushReceiver,PushReceiver,k9.mail,Service Provider,2011-02-02-k9-f75c1073111790fb396e1d9e6d476a13d565ea59,16
k9.mail.Pusher,Pusher,k9.mail,Service Provider,2011-02-02-k9-f75c1073111790fb396e1d9e6d476a13d565ea59,15
k9.mail.Store,Store,k9.mail,Structurer,2011-02-02-k9-f75c1073111790fb396e1d9e6d476a13d565ea59,119
k9.mail.Transport,Transport,k9.mail,Service Provider,2011-02-02-k9-f75c1073111790fb396e1d9e6d476a13d565ea59,29
k9.mail.filter.Base64,Base64,k9.mail.filter,Service Provider,2011-02-02-k9-f75c1073111790fb396e1d9e6d476a13d565ea59,781
k9.mail.filter.Base64OutputStream,Base64OutputStream,k9.mail.filter,Coordinator,2011-02-02-k9-f75c1073111790fb396e1d9e6d476a13d565ea59,196
k9.mail.filter.CountingOutputStream,CountingOutputStream,k9.mail.filter,Information Holder,2011-02-02-k9-f75c1073111790fb396e1d9e6d476a13d565ea59,23
k9.mail.filter.EOLConvertingOutputStream,EOLConvertingOutputStream,k9.mail.filter,Service Provider,2011-02-02-k9-f75c1073111790fb396e1d9e6d476a13d565ea59,41
k9.mail.filter.FixedLengthInputStream,FixedLengthInputStream,k9.mail.filter,Service Provider,2011-02-02-k9-f75c1073111790fb396e1d9e6d476a13d565ea59,68
k9.mail.filter.LineWrapOutputStream,LineWrapOutputStream,k9.mail.filter,Service Provider,2011-02-02-k9-f75c1073111790fb396e1d9e6d476a13d565ea59,88
k9.mail.filter.PeekableInputStream,PeekableInputStream,k9.mail.filter,Service Provider,2011-02-02-k9-f75c1073111790fb396e1d9e6d476a13d565ea59,73
k9.mail.filter.SmtpDataStuffing,SmtpDataStuffing,k9.mail.filter,Service Provider,2011-02-02-k9-f75c1073111790fb396e1d9e6d476a13d565ea59,38
k9.mail.filter.StatusOutputStream,StatusOutputStream,k9.mail.filter,Service Provider,2011-02-02-k9-f75c1073111790fb396e1d9e6d476a13d565ea59,28
k9.mail.internet.BinaryTempFileBody,BinaryTempFileBody,k9.mail.internet,Information Holder,2011-02-02-k9-f75c1073111790fb396e1d9e6d476a13d565ea59,54
k9.mail.internet.DecoderUtil,DecoderUtil,k9.mail.internet,Service Provider,2011-02-02-k9-f75c1073111790fb396e1d9e6d476a13d565ea59,202
k9.mail.internet.Iso2022JpToShiftJisInputStream,Iso2022JpToShiftJisInputStream,k9.mail.internet,Service Provider,2011-02-02-k9-f75c1073111790fb396e1d9e6d476a13d565ea59,72
k9.mail.internet.MimeBodyPart,MimeBodyPart,k9.mail.internet,Structurer,2011-02-02-k9-f75c1073111790fb396e1d9e6d476a13d565ea59,150
k9.mail.internet.MimeHeader,MimeHeader,k9.mail.internet,Structurer,2011-02-02-k9-f75c1073111790fb396e1d9e6d476a13d565ea59,133
k9.mail.internet.MimeMessage,MimeMessage,k9.mail.internet,Information Holder,2011-02-02-k9-f75c1073111790fb396e1d9e6d476a13d565ea59,471
k9.mail.internet.MimeMultipart,MimeMultipart,k9.mail.internet,Structurer,2011-02-02-k9-f75c1073111790fb396e1d9e6d476a13d565ea59,90
k9.mail.internet.MimeUtility,MimeUtility,k9.mail.internet,Service Provider,2011-02-02-k9-f75c1073111790fb396e1d9e6d476a13d565ea59,2368
k9.mail.internet.TextBody,TextBody,k9.mail.internet,Information Holder,2011-02-02-k9-f75c1073111790fb396e1d9e6d476a13d565ea59,96
k9.mail.store.ImapResponseParser,ImapResponseParser,k9.mail.store,Service Provider,2011-02-02-k9-f75c1073111790fb396e1d9e6d476a13d565ea59,418
k9.mail.store.ImapStore,ImapStore,k9.mail.store,Structurer,2011-02-02-k9-f75c1073111790fb396e1d9e6d476a13d565ea59,451
k9.mail.store.LockableDatabase,LockableDatabase,k9.mail.store,Service Provider,2011-02-02-k9-f75c1073111790fb396e1d9e6d476a13d565ea59,456
k9.mail.store.Pop3Store,Pop3Store,k9.mail.store,Interfacer,2011-02-02-k9-f75c1073111790fb396e1d9e6d476a13d565ea59,137
k9.mail.store.StorageManager,StorageManager,k9.mail.store,Service Provider,2011-02-02-k9-f75c1073111790fb396e1d9e6d476a13d565ea59,393
k9.mail.store.TrustManagerFactory,TrustManagerFactory,k9.mail.store,Interfacer,2011-02-02-k9-f75c1073111790fb396e1d9e6d476a13d565ea59,169
k9.mail.store.UnavailableAccountException,UnavailableAccountException,k9.mail.store,Service Provider,2011-02-02-k9-f75c1073111790fb396e1d9e6d476a13d565ea59,39
k9.mail.store.UnavailableStorageException,UnavailableStorageException,k9.mail.store,Information Holder,2011-02-02-k9-f75c1073111790fb396e1d9e6d476a13d565ea59,24
k9.mail.store.WebDavStore,WebDavStore,k9.mail.store,Interfacer,2011-02-02-k9-f75c1073111790fb396e1d9e6d476a13d565ea59,1019
k9.mail.transport.SmtpTransport,SmtpTransport,k9.mail.transport,Interfacer,2011-02-02-k9-f75c1073111790fb396e1d9e6d476a13d565ea59,602
k9.mail.transport.TrustedSocketFactory,TrustedSocketFactory,k9.mail.transport,Interfacer,2011-02-02-k9-f75c1073111790fb396e1d9e6d476a13d565ea59,64
k9.mail.transport.WebDavTransport,WebDavTransport,k9.mail.transport,Service Provider,2011-02-02-k9-f75c1073111790fb396e1d9e6d476a13d565ea59,41
k9.mail.transport.imap.ImapSettings,ImapSettings,k9.mail.transport.imap,Service Provider,2011-02-02-k9-f75c1073111790fb396e1d9e6d476a13d565ea59,21
k9.preferences.CheckBoxListPreference,CheckBoxListPreference,k9.preferences,Service Provider,2011-02-02-k9-f75c1073111790fb396e1d9e6d476a13d565ea59,69
k9.preferences.Editor,Editor,k9.preferences,Service Provider,2011-02-02-k9-f75c1073111790fb396e1d9e6d476a13d565ea59,148
k9.preferences.Storage,Storage,k9.preferences,Structurer,2011-02-02-k9-f75c1073111790fb396e1d9e6d476a13d565ea59,402
k9.preferences.TimePickerPreference,TimePickerPreference,k9.preferences,Interfacer,2011-02-02-k9-f75c1073111790fb396e1d9e6d476a13d565ea59,135
k9.provider.AttachmentProvider,AttachmentProvider,k9.provider,Service Provider,2011-02-02-k9-f75c1073111790fb396e1d9e6d476a13d565ea59,296
k9.provider.MessageProvider,MessageProvider,k9.provider,Coordinator,2011-02-02-k9-f75c1073111790fb396e1d9e6d476a13d565ea59,263
k9.remotecontrol.AccountReceiver,AccountReceiver,k9.remotecontrol,Service Provider,2011-02-02-k9-f75c1073111790fb396e1d9e6d476a13d565ea59,28
k9.remotecontrol.K9AccountReceptor,K9AccountReceptor,k9.remotecontrol,Structurer,2011-02-02-k9-f75c1073111790fb396e1d9e6d476a13d565ea59,11
k9.remotecontrol.K9RemoteControl,K9RemoteControl,k9.remotecontrol,Information Holder,2011-02-02-k9-f75c1073111790fb396e1d9e6d476a13d565ea59,121
k9.service.BootReceiver,BootReceiver,k9.service,Service Provider,2011-02-02-k9-f75c1073111790fb396e1d9e6d476a13d565ea59,146
k9.service.CoreReceiver,CoreReceiver,k9.service,Service Provider,2011-02-02-k9-f75c1073111790fb396e1d9e6d476a13d565ea59,89
k9.service.CoreService,CoreService,k9.service,Interfacer,2011-02-02-k9-f75c1073111790fb396e1d9e6d476a13d565ea59,162
k9.service.MailService,MailService,k9.service,Controller,2011-02-02-k9-f75c1073111790fb396e1d9e6d476a13d565ea59,468
k9.service.PollService,PollService,k9.service,Service Provider,2011-02-02-k9-f75c1073111790fb396e1d9e6d476a13d565ea59,67
k9.service.PushService,PushService,k9.service,Service Provider,2011-02-02-k9-f75c1073111790fb396e1d9e6d476a13d565ea59,48
k9.service.RemoteControlReceiver,RemoteControlReceiver,k9.service,Service Provider,2011-02-02-k9-f75c1073111790fb396e1d9e6d476a13d565ea59,49
k9.service.RemoteControlService,RemoteControlService,k9.service,Controller,2011-02-02-k9-f75c1073111790fb396e1d9e6d476a13d565ea59,176
k9.service.ShutdownReceiver,ShutdownReceiver,k9.service,Service Provider,2011-02-02-k9-f75c1073111790fb396e1d9e6d476a13d565ea59,37
k9.service.SleepService,SleepService,k9.service,Service Provider,2011-02-02-k9-f75c1073111790fb396e1d9e6d476a13d565ea59,140
k9.service.StorageGoneReceiver,StorageGoneReceiver,k9.service,Service Provider,2011-02-02-k9-f75c1073111790fb396e1d9e6d476a13d565ea59,42
k9.service.StorageReceiver,StorageReceiver,k9.service,Service Provider,2011-02-02-k9-f75c1073111790fb396e1d9e6d476a13d565ea59,34
k9.view.AccessibleWebView,AccessibleWebView,k9.view,Coordinator,2011-02-02-k9-f75c1073111790fb396e1d9e6d476a13d565ea59,96
k9.view.AttachmentView,AttachmentView,k9.view,Interfacer,2011-02-02-k9-f75c1073111790fb396e1d9e6d476a13d565ea59,272
k9.view.ColorChip,ColorChip,k9.view,Information Holder,2011-02-02-k9-f75c1073111790fb396e1d9e6d476a13d565ea59,27
k9.view.ColorPickerBox,ColorPickerBox,k9.view,Interfacer,2011-02-02-k9-f75c1073111790fb396e1d9e6d476a13d565ea59,61
k9.view.MessageHeader,MessageHeader,k9.view,Interfacer,2011-02-02-k9-f75c1073111790fb396e1d9e6d476a13d565ea59,309
k9.view.MessageWebView,MessageWebView,k9.view,Interfacer,2011-02-02-k9-f75c1073111790fb396e1d9e6d476a13d565ea59,116
k9.view.ToggleScrollView,ToggleScrollView,k9.view,Interfacer,2011-02-02-k9-f75c1073111790fb396e1d9e6d476a13d565ea59,45
k9.Account,Account,k9,Information Holder,2011-05-02-k9-42987cee512c4d52fb72f2bdc05bf7f5ea89f186,1137
k9.AccountStats,AccountStats,k9,Information Holder,2011-05-02-k9-42987cee512c4d52fb72f2bdc05bf7f5ea89f186,12
k9.BaseAccount,BaseAccount,k9,Information Holder,2011-05-02-k9-42987cee512c4d52fb72f2bdc05bf7f5ea89f186,8
k9.EmailAddressAdapter,EmailAddressAdapter,k9,Coordinator,2011-05-02-k9-42987cee512c4d52fb72f2bdc05bf7f5ea89f186,54
k9.EmailAddressValidator,EmailAddressValidator,k9,Service Provider,2011-05-02-k9-42987cee512c4d52fb72f2bdc05bf7f5ea89f186,14
k9.EmailReceivedIntent,EmailReceivedIntent,k9,Information Holder,2011-05-02-k9-42987cee512c4d52fb72f2bdc05bf7f5ea89f186,12
k9.FontSizes,FontSizes,k9,Information Holder,2011-05-02-k9-42987cee512c4d52fb72f2bdc05bf7f5ea89f186,297
k9.Identity,Identity,k9,Information Holder,2011-05-02-k9-42987cee512c4d52fb72f2bdc05bf7f5ea89f186,51
k9.K9,K9,k9,Coordinator,2011-05-02-k9-42987cee512c4d52fb72f2bdc05bf7f5ea89f186,719
k9.NotificationSetting,NotificationSetting,k9,Information Holder,2011-05-02-k9-42987cee512c4d52fb72f2bdc05bf7f5ea89f186,121
k9.Preferences,Preferences,k9,Structurer,2011-05-02-k9-42987cee512c4d52fb72f2bdc05bf7f5ea89f186,136
k9.SearchAccount,SearchAccount,k9,Information Holder,2011-05-02-k9-42987cee512c4d52fb72f2bdc05bf7f5ea89f186,92
k9.SearchSpecification,SearchSpecification,k9,Service Provider,2011-05-02-k9-42987cee512c4d52fb72f2bdc05bf7f5ea89f186,10
k9.activity.AccessibleEmailContentActivity,AccessibleEmailContentActivity,k9.activity,Service Provider,2011-05-02-k9-42987cee512c4d52fb72f2bdc05bf7f5ea89f186,66
k9.activity.Accounts,Accounts,k9.activity,Coordinator,2011-05-02-k9-42987cee512c4d52fb72f2bdc05bf7f5ea89f186,726
k9.activity.ActivityListener,ActivityListener,k9.activity,Service Provider,2011-05-02-k9-42987cee512c4d52fb72f2bdc05bf7f5ea89f186,173
k9.activity.ChooseAccount,ChooseAccount,k9.activity,Interfacer,2011-05-02-k9-42987cee512c4d52fb72f2bdc05bf7f5ea89f186,99
k9.activity.ChooseFolder,ChooseFolder,k9.activity,Interfacer,2011-05-02-k9-42987cee512c4d52fb72f2bdc05bf7f5ea89f186,256
k9.activity.ChooseIdentity,ChooseIdentity,k9.activity,Interfacer,2011-05-02-k9-42987cee512c4d52fb72f2bdc05bf7f5ea89f186,71
k9.activity.ColorPickerDialog,ColorPickerDialog,k9.activity,Interfacer,2011-05-02-k9-42987cee512c4d52fb72f2bdc05bf7f5ea89f186,148
k9.activity.EditIdentity,EditIdentity,k9.activity,Interfacer,2011-05-02-k9-42987cee512c4d52fb72f2bdc05bf7f5ea89f186,116
k9.activity.FolderInfoHolder,FolderInfoHolder,k9.activity,Service Provider,2011-05-02-k9-42987cee512c4d52fb72f2bdc05bf7f5ea89f186,101
k9.activity.FolderList,FolderList,k9.activity,Interfacer,2011-05-02-k9-42987cee512c4d52fb72f2bdc05bf7f5ea89f186,515
k9.activity.FolderListFilter,FolderListFilter,k9.activity,Service Provider,2011-05-02-k9-42987cee512c4d52fb72f2bdc05bf7f5ea89f186,104
k9.activity.ImportListener,ImportListener,k9.activity,Service Provider,2011-05-02-k9-42987cee512c4d52fb72f2bdc05bf7f5ea89f186,7
k9.activity.InsertableHtmlContent,InsertableHtmlContent,k9.activity,Information Holder,2011-05-02-k9-42987cee512c4d52fb72f2bdc05bf7f5ea89f186,135
k9.activity.K9Activity,K9Activity,k9.activity,Interfacer,2011-05-02-k9-42987cee512c4d52fb72f2bdc05bf7f5ea89f186,89
k9.activity.K9ExpandableListActivity,K9ExpandableListActivity,k9.activity,Interfacer,2011-05-02-k9-42987cee512c4d52fb72f2bdc05bf7f5ea89f186,14
k9.activity.K9ListActivity,K9ListActivity,k9.activity,Interfacer,2011-05-02-k9-42987cee512c4d52fb72f2bdc05bf7f5ea89f186,80
k9.activity.K9PreferenceActivity,K9PreferenceActivity,k9.activity,Coordinator,2011-05-02-k9-42987cee512c4d52fb72f2bdc05bf7f5ea89f186,57
k9.activity.LauncherShortcuts,LauncherShortcuts,k9.activity,Interfacer,2011-05-02-k9-42987cee512c4d52fb72f2bdc05bf7f5ea89f186,54
k9.activity.ManageIdentities,ManageIdentities,k9.activity,Interfacer,2011-05-02-k9-42987cee512c4d52fb72f2bdc05bf7f5ea89f186,120
k9.activity.MessageCompose,MessageCompose,k9.activity,Interfacer,2011-05-02-k9-42987cee512c4d52fb72f2bdc05bf7f5ea89f186,2125
k9.activity.MessageInfoHolder,MessageInfoHolder,k9.activity,Information Holder,2011-05-02-k9-42987cee512c4d52fb72f2bdc05bf7f5ea89f186,47
k9.activity.MessageList,MessageList,k9.activity,Interfacer,2011-05-02-k9-42987cee512c4d52fb72f2bdc05bf7f5ea89f186,1505
k9.activity.MessageReference,MessageReference,k9.activity,Interfacer,2011-05-02-k9-42987cee512c4d52fb72f2bdc05bf7f5ea89f186,135
k9.activity.MessageView,MessageView,k9.activity,Interfacer,2011-05-02-k9-42987cee512c4d52fb72f2bdc05bf7f5ea89f186,850
k9.activity.PasswordEntryDialog,PasswordEntryDialog,k9.activity,Service Provider,2011-05-02-k9-42987cee512c4d52fb72f2bdc05bf7f5ea89f186,61
k9.activity.ProgressListener,ProgressListener,k9.activity,Service Provider,2011-05-02-k9-42987cee512c4d52fb72f2bdc05bf7f5ea89f186,31
k9.activity.Search,Search,k9.activity,Information Holder,2011-05-02-k9-42987cee512c4d52fb72f2bdc05bf7f5ea89f186,4
k9.activity.SearchModifier,SearchModifier,k9.activity,Information Holder,2011-05-02-k9-42987cee512c4d52fb72f2bdc05bf7f5ea89f186,17
k9.activity.setup.AccountSettings,AccountSettings,k9.activity.setup,Interfacer,2011-05-02-k9-42987cee512c4d52fb72f2bdc05bf7f5ea89f186,729
k9.activity.setup.AccountSetupAccountType,AccountSetupAccountType,k9.activity.setup,Interfacer,2011-05-02-k9-42987cee512c4d52fb72f2bdc05bf7f5ea89f186,95
k9.activity.setup.AccountSetupBasics,AccountSetupBasics,k9.activity.setup,Structurer,2011-05-02-k9-42987cee512c4d52fb72f2bdc05bf7f5ea89f186,347
k9.activity.setup.AccountSetupCheckSettings,AccountSetupCheckSettings,k9.activity.setup,Interfacer,2011-05-02-k9-42987cee512c4d52fb72f2bdc05bf7f5ea89f186,270
k9.activity.setup.AccountSetupComposition,AccountSetupComposition,k9.activity.setup,Interfacer,2011-05-02-k9-42987cee512c4d52fb72f2bdc05bf7f5ea89f186,116
k9.activity.setup.AccountSetupIncoming,AccountSetupIncoming,k9.activity.setup,Interfacer,2011-05-02-k9-42987cee512c4d52fb72f2bdc05bf7f5ea89f186,395
k9.activity.setup.AccountSetupNames,AccountSetupNames,k9.activity.setup,Interfacer,2011-05-02-k9-42987cee512c4d52fb72f2bdc05bf7f5ea89f186,81
k9.activity.setup.AccountSetupOptions,AccountSetupOptions,k9.activity.setup,Interfacer,2011-05-02-k9-42987cee512c4d52fb72f2bdc05bf7f5ea89f186,133
k9.activity.setup.AccountSetupOutgoing,AccountSetupOutgoing,k9.activity.setup,Interfacer,2011-05-02-k9-42987cee512c4d52fb72f2bdc05bf7f5ea89f186,286
k9.activity.setup.FolderSettings,FolderSettings,k9.activity.setup,Interfacer,2011-05-02-k9-42987cee512c4d52fb72f2bdc05bf7f5ea89f186,139
k9.activity.setup.FontSizeSettings,FontSizeSettings,k9.activity.setup,Interfacer,2011-05-02-k9-42987cee512c4d52fb72f2bdc05bf7f5ea89f186,150
k9.activity.setup.Prefs,Prefs,k9.activity.setup,Interfacer,2011-05-02-k9-42987cee512c4d52fb72f2bdc05bf7f5ea89f186,300
k9.activity.setup.SpinnerHelper,SpinnerHelper,k9.activity.setup,Service Provider,2011-05-02-k9-42987cee512c4d52fb72f2bdc05bf7f5ea89f186,47
k9.activity.setup.SpinnerOption,SpinnerOption,k9.activity.setup,Information Holder,2011-05-02-k9-42987cee512c4d52fb72f2bdc05bf7f5ea89f186,26
k9.controller.MessageDateComparator,MessageDateComparator,k9.controller,Service Provider,2011-05-02-k9-42987cee512c4d52fb72f2bdc05bf7f5ea89f186,17
k9.controller.MessageRemovalListener,MessageRemovalListener,k9.controller,Service Provider,2011-05-02-k9-42987cee512c4d52fb72f2bdc05bf7f5ea89f186,5
k9.controller.MessageRetrievalListener,MessageRetrievalListener,k9.controller,Service Provider,2011-05-02-k9-42987cee512c4d52fb72f2bdc05bf7f5ea89f186,12
k9.controller.MessagingController,MessagingController,k9.controller,Controller,2011-05-02-k9-42987cee512c4d52fb72f2bdc05bf7f5ea89f186,3700
k9.controller.MessagingControllerPushReceiver,MessagingControllerPushReceiver,k9.controller,Coordinator,2011-05-02-k9-42987cee512c4d52fb72f2bdc05bf7f5ea89f186,99
k9.controller.MessagingListener,MessagingListener,k9.controller,Service Provider,2011-05-02-k9-42987cee512c4d52fb72f2bdc05bf7f5ea89f186,142
k9.crypto.Apg,Apg,k9.crypto,Structurer,2011-05-02-k9-42987cee512c4d52fb72f2bdc05bf7f5ea89f186,427
k9.crypto.CryptoProvider,CryptoProvider,k9.crypto,Service Provider,2011-05-02-k9-42987cee512c4d52fb72f2bdc05bf7f5ea89f186,32
k9.crypto.None,None,k9.crypto,Information Holder,2011-05-02-k9-42987cee512c4d52fb72f2bdc05bf7f5ea89f186,64
k9.crypto.PgpData,PgpData,k9.crypto,Information Holder,2011-05-02-k9-42987cee512c4d52fb72f2bdc05bf7f5ea89f186,60
k9.helper.AutoSyncHelper,AutoSyncHelper,k9.helper,Service Provider,2011-05-02-k9-42987cee512c4d52fb72f2bdc05bf7f5ea89f186,102
k9.helper.AutoSyncSdk3,AutoSyncSdk3,k9.helper,Information Holder,2011-05-02-k9-42987cee512c4d52fb72f2bdc05bf7f5ea89f186,35
k9.helper.AutoSyncSdk4,AutoSyncSdk4,k9.helper,Information Holder,2011-05-02-k9-42987cee512c4d52fb72f2bdc05bf7f5ea89f186,35
k9.helper.AutoSyncSdk5,AutoSyncSdk5,k9.helper,Service Provider,2011-05-02-k9-42987cee512c4d52fb72f2bdc05bf7f5ea89f186,15
k9.helper.Contacts,Contacts,k9.helper,Information Holder,2011-05-02-k9-42987cee512c4d52fb72f2bdc05bf7f5ea89f186,151
k9.helper.ContactsSdk3_4,ContactsSdk3_4,k9.helper,Structurer,2011-05-02-k9-42987cee512c4d52fb72f2bdc05bf7f5ea89f186,209
k9.helper.ContactsSdk5,ContactsSdk5,k9.helper,Structurer,2011-05-02-k9-42987cee512c4d52fb72f2bdc05bf7f5ea89f186,179
k9.helper.ContactsSdk5p,ContactsSdk5p,k9.helper,Service Provider,2011-05-02-k9-42987cee512c4d52fb72f2bdc05bf7f5ea89f186,97
k9.helper.DateFormatter,DateFormatter,k9.helper,Structurer,2011-05-02-k9-42987cee512c4d52fb72f2bdc05bf7f5ea89f186,70
k9.helper.DomainNameChecker,DomainNameChecker,k9.helper,Service Provider,2011-05-02-k9-42987cee512c4d52fb72f2bdc05bf7f5ea89f186,260
k9.helper.HtmlConverter,HtmlConverter,k9.helper,Service Provider,2011-05-02-k9-42987cee512c4d52fb72f2bdc05bf7f5ea89f186,1013
k9.helper.IAutoSync,IAutoSync,k9.helper,Service Provider,2011-05-02-k9-42987cee512c4d52fb72f2bdc05bf7f5ea89f186,23
k9.helper.MediaScannerNotifier,MediaScannerNotifier,k9.helper,Service Provider,2011-05-02-k9-42987cee512c4d52fb72f2bdc05bf7f5ea89f186,32
k9.helper.MessageHelper,MessageHelper,k9.helper,Service Provider,2011-05-02-k9-42987cee512c4d52fb72f2bdc05bf7f5ea89f186,80
k9.helper.Regex,Regex,k9.helper,Information Holder,2011-05-02-k9-42987cee512c4d52fb72f2bdc05bf7f5ea89f186,211
k9.helper.SizeFormatter,SizeFormatter,k9.helper,Service Provider,2011-05-02-k9-42987cee512c4d52fb72f2bdc05bf7f5ea89f186,21
k9.helper.Utility,Utility,k9.helper,Service Provider,2011-05-02-k9-42987cee512c4d52fb72f2bdc05bf7f5ea89f186,556
k9.helper.power.TracingPowerManager,TracingPowerManager,k9.helper.power,Service Provider,2011-05-02-k9-42987cee512c4d52fb72f2bdc05bf7f5ea89f186,32
k9.mail.Address,Address,k9.mail,Service Provider,2011-05-02-k9-42987cee512c4d52fb72f2bdc05bf7f5ea89f186,313
k9.mail.AuthenticationFailedException,AuthenticationFailedException,k9.mail,Information Holder,2011-05-02-k9-42987cee512c4d52fb72f2bdc05bf7f5ea89f186,10
k9.mail.Body,Body,k9.mail,Service Provider,2011-05-02-k9-42987cee512c4d52fb72f2bdc05bf7f5ea89f186,8
k9.mail.BodyPart,BodyPart,k9.mail,Information Holder,2011-05-02-k9-42987cee512c4d52fb72f2bdc05bf7f5ea89f186,10
k9.mail.CertificateValidationException,CertificateValidationException,k9.mail,Information Holder,2011-05-02-k9-42987cee512c4d52fb72f2bdc05bf7f5ea89f186,10
k9.mail.FetchProfile,FetchProfile,k9.mail,Structurer,2011-05-02-k9-42987cee512c4d52fb72f2bdc05bf7f5ea89f186,22
k9.mail.Flag,Flag,k9.mail,Information Holder,2011-05-02-k9-42987cee512c4d52fb72f2bdc05bf7f5ea89f186,48
k9.mail.Folder,Folder,k9.mail,Structurer,2011-05-02-k9-42987cee512c4d52fb72f2bdc05bf7f5ea89f186,155
k9.mail.Message,Message,k9.mail,Structurer,2011-05-02-k9-42987cee512c4d52fb72f2bdc05bf7f5ea89f186,145
k9.mail.MessagingException,MessagingException,k9.mail,Information Holder,2011-05-02-k9-42987cee512c4d52fb72f2bdc05bf7f5ea89f186,25
k9.mail.Multipart,Multipart,k9.mail,Structurer,2011-05-02-k9-42987cee512c4d52fb72f2bdc05bf7f5ea89f186,64
k9.mail.Part,Part,k9.mail,Service Provider,2011-05-02-k9-42987cee512c4d52fb72f2bdc05bf7f5ea89f186,18
k9.mail.PushReceiver,PushReceiver,k9.mail,Service Provider,2011-05-02-k9-42987cee512c4d52fb72f2bdc05bf7f5ea89f186,15
k9.mail.Pusher,Pusher,k9.mail,Service Provider,2011-05-02-k9-42987cee512c4d52fb72f2bdc05bf7f5ea89f186,14
k9.mail.Store,Store,k9.mail,Structurer,2011-05-02-k9-42987cee512c4d52fb72f2bdc05bf7f5ea89f186,97
k9.mail.Transport,Transport,k9.mail,Service Provider,2011-05-02-k9-42987cee512c4d52fb72f2bdc05bf7f5ea89f186,22
k9.mail.filter.Base64,Base64,k9.mail.filter,Service Provider,2011-05-02-k9-42987cee512c4d52fb72f2bdc05bf7f5ea89f186,693
k9.mail.filter.Base64OutputStream,Base64OutputStream,k9.mail.filter,Coordinator,2011-05-02-k9-42987cee512c4d52fb72f2bdc05bf7f5ea89f186,171
k9.mail.filter.CountingOutputStream,CountingOutputStream,k9.mail.filter,Information Holder,2011-05-02-k9-42987cee512c4d52fb72f2bdc05bf7f5ea89f186,19
k9.mail.filter.EOLConvertingOutputStream,EOLConvertingOutputStream,k9.mail.filter,Service Provider,2011-05-02-k9-42987cee512c4d52fb72f2bdc05bf7f5ea89f186,34
k9.mail.filter.FixedLengthInputStream,FixedLengthInputStream,k9.mail.filter,Service Provider,2011-05-02-k9-42987cee512c4d52fb72f2bdc05bf7f5ea89f186,52
k9.mail.filter.LineWrapOutputStream,LineWrapOutputStream,k9.mail.filter,Service Provider,2011-05-02-k9-42987cee512c4d52fb72f2bdc05bf7f5ea89f186,73
k9.mail.filter.PeekableInputStream,PeekableInputStream,k9.mail.filter,Service Provider,2011-05-02-k9-42987cee512c4d52fb72f2bdc05bf7f5ea89f186,56
k9.mail.filter.SmtpDataStuffing,SmtpDataStuffing,k9.mail.filter,Service Provider,2011-05-02-k9-42987cee512c4d52fb72f2bdc05bf7f5ea89f186,28
k9.mail.filter.StatusOutputStream,StatusOutputStream,k9.mail.filter,Service Provider,2011-05-02-k9-42987cee512c4d52fb72f2bdc05bf7f5ea89f186,23
k9.mail.internet.BinaryTempFileBody,BinaryTempFileBody,k9.mail.internet,Information Holder,2011-05-02-k9-42987cee512c4d52fb72f2bdc05bf7f5ea89f186,44
k9.mail.internet.DecoderUtil,DecoderUtil,k9.mail.internet,Service Provider,2011-05-02-k9-42987cee512c4d52fb72f2bdc05bf7f5ea89f186,163
k9.mail.internet.EncoderUtil,EncoderUtil,k9.mail.internet,Service Provider,2011-05-02-k9-42987cee512c4d52fb72f2bdc05bf7f5ea89f186,148
k9.mail.internet.Iso2022JpToShiftJisInputStream,Iso2022JpToShiftJisInputStream,k9.mail.internet,Service Provider,2011-05-02-k9-42987cee512c4d52fb72f2bdc05bf7f5ea89f186,62
k9.mail.internet.MimeBodyPart,MimeBodyPart,k9.mail.internet,Structurer,2011-05-02-k9-42987cee512c4d52fb72f2bdc05bf7f5ea89f186,114
k9.mail.internet.MimeHeader,MimeHeader,k9.mail.internet,Structurer,2011-05-02-k9-42987cee512c4d52fb72f2bdc05bf7f5ea89f186,109
k9.mail.internet.MimeMessage,MimeMessage,k9.mail.internet,Information Holder,2011-05-02-k9-42987cee512c4d52fb72f2bdc05bf7f5ea89f186,368
k9.mail.internet.MimeMultipart,MimeMultipart,k9.mail.internet,Structurer,2011-05-02-k9-42987cee512c4d52fb72f2bdc05bf7f5ea89f186,72
k9.mail.internet.MimeUtility,MimeUtility,k9.mail.internet,Service Provider,2011-05-02-k9-42987cee512c4d52fb72f2bdc05bf7f5ea89f186,2282
k9.mail.internet.TextBody,TextBody,k9.mail.internet,Information Holder,2011-05-02-k9-42987cee512c4d52fb72f2bdc05bf7f5ea89f186,75
k9.mail.store.ImapResponseParser,ImapResponseParser,k9.mail.store,Service Provider,2011-05-02-k9-42987cee512c4d52fb72f2bdc05bf7f5ea89f186,312
k9.mail.store.ImapStore,ImapStore,k9.mail.store,Structurer,2011-05-02-k9-42987cee512c4d52fb72f2bdc05bf7f5ea89f186,364
k9.mail.store.LockableDatabase,LockableDatabase,k9.mail.store,Service Provider,2011-05-02-k9-42987cee512c4d52fb72f2bdc05bf7f5ea89f186,370
k9.mail.store.Pop3Store,Pop3Store,k9.mail.store,Interfacer,2011-05-02-k9-42987cee512c4d52fb72f2bdc05bf7f5ea89f186,110
k9.mail.store.StorageManager,StorageManager,k9.mail.store,Service Provider,2011-05-02-k9-42987cee512c4d52fb72f2bdc05bf7f5ea89f186,348
k9.mail.store.TrustManagerFactory,TrustManagerFactory,k9.mail.store,Interfacer,2011-05-02-k9-42987cee512c4d52fb72f2bdc05bf7f5ea89f186,126
k9.mail.store.UnavailableAccountException,UnavailableAccountException,k9.mail.store,Service Provider,2011-05-02-k9-42987cee512c4d52fb72f2bdc05bf7f5ea89f186,34
k9.mail.store.UnavailableStorageException,UnavailableStorageException,k9.mail.store,Information Holder,2011-05-02-k9-42987cee512c4d52fb72f2bdc05bf7f5ea89f186,19
k9.mail.store.WebDavStore,WebDavStore,k9.mail.store,Interfacer,2011-05-02-k9-42987cee512c4d52fb72f2bdc05bf7f5ea89f186,880
k9.mail.transport.SmtpTransport,SmtpTransport,k9.mail.transport,Interfacer,2011-05-02-k9-42987cee512c4d52fb72f2bdc05bf7f5ea89f186,463
k9.mail.transport.TrustedSocketFactory,TrustedSocketFactory,k9.mail.transport,Interfacer,2011-05-02-k9-42987cee512c4d52fb72f2bdc05bf7f5ea89f186,57
k9.mail.transport.WebDavTransport,WebDavTransport,k9.mail.transport,Service Provider,2011-05-02-k9-42987cee512c4d52fb72f2bdc05bf7f5ea89f186,33
k9.mail.transport.imap.ImapSettings,ImapSettings,k9.mail.transport.imap,Service Provider,2011-05-02-k9-42987cee512c4d52fb72f2bdc05bf7f5ea89f186,20
k9.preferences.AccountSettings,AccountSettings,k9.preferences,Interfacer,2011-05-02-k9-42987cee512c4d52fb72f2bdc05bf7f5ea89f186,154
k9.preferences.CheckBoxListPreference,CheckBoxListPreference,k9.preferences,Service Provider,2011-05-02-k9-42987cee512c4d52fb72f2bdc05bf7f5ea89f186,58
k9.preferences.Editor,Editor,k9.preferences,Service Provider,2011-05-02-k9-42987cee512c4d52fb72f2bdc05bf7f5ea89f186,119
k9.preferences.GlobalSettings,GlobalSettings,k9.preferences,Coordinator,2011-05-02-k9-42987cee512c4d52fb72f2bdc05bf7f5ea89f186,137
k9.preferences.Settings,Settings,k9.preferences,Service Provider,2011-05-02-k9-42987cee512c4d52fb72f2bdc05bf7f5ea89f186,86
k9.preferences.Storage,Storage,k9.preferences,Structurer,2011-05-02-k9-42987cee512c4d52fb72f2bdc05bf7f5ea89f186,343
k9.preferences.StorageExporter,StorageExporter,k9.preferences,Service Provider,2011-05-02-k9-42987cee512c4d52fb72f2bdc05bf7f5ea89f186,284
k9.preferences.StorageImportExportException,StorageImportExportException,k9.preferences,Information Holder,2011-05-02-k9-42987cee512c4d52fb72f2bdc05bf7f5ea89f186,15
k9.preferences.StorageImporter,StorageImporter,k9.preferences,Service Provider,2011-05-02-k9-42987cee512c4d52fb72f2bdc05bf7f5ea89f186,586
k9.preferences.TimePickerPreference,TimePickerPreference,k9.preferences,Interfacer,2011-05-02-k9-42987cee512c4d52fb72f2bdc05bf7f5ea89f186,120
k9.provider.AttachmentProvider,AttachmentProvider,k9.provider,Service Provider,2011-05-02-k9-42987cee512c4d52fb72f2bdc05bf7f5ea89f186,234
k9.provider.MessageProvider,MessageProvider,k9.provider,Coordinator,2011-05-02-k9-42987cee512c4d52fb72f2bdc05bf7f5ea89f186,227
k9.remotecontrol.AccountReceiver,AccountReceiver,k9.remotecontrol,Service Provider,2011-05-02-k9-42987cee512c4d52fb72f2bdc05bf7f5ea89f186,23
k9.remotecontrol.K9AccountReceptor,K9AccountReceptor,k9.remotecontrol,Service Provider,2011-05-02-k9-42987cee512c4d52fb72f2bdc05bf7f5ea89f186,10
k9.remotecontrol.K9RemoteControl,K9RemoteControl,k9.remotecontrol,Information Holder,2011-05-02-k9-42987cee512c4d52fb72f2bdc05bf7f5ea89f186,118
k9.service.BootReceiver,BootReceiver,k9.service,Service Provider,2011-05-02-k9-42987cee512c4d52fb72f2bdc05bf7f5ea89f186,119
k9.service.CoreReceiver,CoreReceiver,k9.service,Service Provider,2011-05-02-k9-42987cee512c4d52fb72f2bdc05bf7f5ea89f186,72
k9.service.CoreService,CoreService,k9.service,Interfacer,2011-05-02-k9-42987cee512c4d52fb72f2bdc05bf7f5ea89f186,137
k9.service.MailService,MailService,k9.service,Controller,2011-05-02-k9-42987cee512c4d52fb72f2bdc05bf7f5ea89f186,388
k9.service.PollService,PollService,k9.service,Service Provider,2011-05-02-k9-42987cee512c4d52fb72f2bdc05bf7f5ea89f186,56
k9.service.PushService,PushService,k9.service,Service Provider,2011-05-02-k9-42987cee512c4d52fb72f2bdc05bf7f5ea89f186,40
k9.service.RemoteControlReceiver,RemoteControlReceiver,k9.service,Service Provider,2011-05-02-k9-42987cee512c4d52fb72f2bdc05bf7f5ea89f186,40
k9.service.RemoteControlService,RemoteControlService,k9.service,Controller,2011-05-02-k9-42987cee512c4d52fb72f2bdc05bf7f5ea89f186,145
k9.service.ShutdownReceiver,ShutdownReceiver,k9.service,Service Provider,2011-05-02-k9-42987cee512c4d52fb72f2bdc05bf7f5ea89f186,34
k9.service.SleepService,SleepService,k9.service,Service Provider,2011-05-02-k9-42987cee512c4d52fb72f2bdc05bf7f5ea89f186,109
k9.service.StorageGoneReceiver,StorageGoneReceiver,k9.service,Service Provider,2011-05-02-k9-42987cee512c4d52fb72f2bdc05bf7f5ea89f186,35
k9.service.StorageReceiver,StorageReceiver,k9.service,Service Provider,2011-05-02-k9-42987cee512c4d52fb72f2bdc05bf7f5ea89f186,29
k9.view.AccessibleWebView,AccessibleWebView,k9.view,Coordinator,2011-05-02-k9-42987cee512c4d52fb72f2bdc05bf7f5ea89f186,82
k9.view.AttachmentView,AttachmentView,k9.view,Interfacer,2011-05-02-k9-42987cee512c4d52fb72f2bdc05bf7f5ea89f186,225
k9.view.ColorChip,ColorChip,k9.view,Information Holder,2011-05-02-k9-42987cee512c4d52fb72f2bdc05bf7f5ea89f186,23
k9.view.ColorPickerBox,ColorPickerBox,k9.view,Interfacer,2011-05-02-k9-42987cee512c4d52fb72f2bdc05bf7f5ea89f186,54
k9.view.MessageCryptoView,MessageCryptoView,k9.view,Interfacer,2011-05-02-k9-42987cee512c4d52fb72f2bdc05bf7f5ea89f186,124
k9.view.MessageHeader,MessageHeader,k9.view,Interfacer,2011-05-02-k9-42987cee512c4d52fb72f2bdc05bf7f5ea89f186,263
k9.view.MessageWebView,MessageWebView,k9.view,Interfacer,2011-05-02-k9-42987cee512c4d52fb72f2bdc05bf7f5ea89f186,97
k9.view.SingleMessageView,SingleMessageView,k9.view,Interfacer,2011-05-02-k9-42987cee512c4d52fb72f2bdc05bf7f5ea89f186,258
k9.view.ToggleScrollView,ToggleScrollView,k9.view,Interfacer,2011-05-02-k9-42987cee512c4d52fb72f2bdc05bf7f5ea89f186,38
k9.Account,Account,k9,Information Holder,2011-08-01-k9-9335dacd463b4452fcc79d6cb1c191821d87ae42,1137
k9.AccountStats,AccountStats,k9,Information Holder,2011-08-01-k9-9335dacd463b4452fcc79d6cb1c191821d87ae42,12
k9.BaseAccount,BaseAccount,k9,Information Holder,2011-08-01-k9-9335dacd463b4452fcc79d6cb1c191821d87ae42,8
k9.EmailAddressAdapter,EmailAddressAdapter,k9,Coordinator,2011-08-01-k9-9335dacd463b4452fcc79d6cb1c191821d87ae42,54
k9.EmailAddressValidator,EmailAddressValidator,k9,Service Provider,2011-08-01-k9-9335dacd463b4452fcc79d6cb1c191821d87ae42,14
k9.EmailReceivedIntent,EmailReceivedIntent,k9,Information Holder,2011-08-01-k9-9335dacd463b4452fcc79d6cb1c191821d87ae42,12
k9.FontSizes,FontSizes,k9,Information Holder,2011-08-01-k9-9335dacd463b4452fcc79d6cb1c191821d87ae42,297
k9.Identity,Identity,k9,Information Holder,2011-08-01-k9-9335dacd463b4452fcc79d6cb1c191821d87ae42,51
k9.K9,K9,k9,Coordinator,2011-08-01-k9-9335dacd463b4452fcc79d6cb1c191821d87ae42,793
k9.NotificationSetting,NotificationSetting,k9,Information Holder,2011-08-01-k9-9335dacd463b4452fcc79d6cb1c191821d87ae42,121
k9.Preferences,Preferences,k9,Structurer,2011-08-01-k9-9335dacd463b4452fcc79d6cb1c191821d87ae42,140
k9.SearchAccount,SearchAccount,k9,Information Holder,2011-08-01-k9-9335dacd463b4452fcc79d6cb1c191821d87ae42,92
k9.SearchSpecification,SearchSpecification,k9,Service Provider,2011-08-01-k9-9335dacd463b4452fcc79d6cb1c191821d87ae42,10
k9.activity.AccessibleEmailContentActivity,AccessibleEmailContentActivity,k9.activity,Service Provider,2011-08-01-k9-9335dacd463b4452fcc79d6cb1c191821d87ae42,66
k9.activity.Accounts,Accounts,k9.activity,Service Provider,2011-08-01-k9-9335dacd463b4452fcc79d6cb1c191821d87ae42,593
k9.activity.ActivityListener,ActivityListener,k9.activity,Service Provider,2011-08-01-k9-9335dacd463b4452fcc79d6cb1c191821d87ae42,172
k9.activity.ChooseAccount,ChooseAccount,k9.activity,Interfacer,2011-08-01-k9-9335dacd463b4452fcc79d6cb1c191821d87ae42,99
k9.activity.ChooseFolder,ChooseFolder,k9.activity,Interfacer,2011-08-01-k9-9335dacd463b4452fcc79d6cb1c191821d87ae42,258
k9.activity.ChooseIdentity,ChooseIdentity,k9.activity,Interfacer,2011-08-01-k9-9335dacd463b4452fcc79d6cb1c191821d87ae42,71
k9.activity.ColorPickerDialog,ColorPickerDialog,k9.activity,Interfacer,2011-08-01-k9-9335dacd463b4452fcc79d6cb1c191821d87ae42,148
k9.activity.ConfirmationDialog,ConfirmationDialog,k9.activity,Service Provider,2011-08-01-k9-9335dacd463b4452fcc79d6cb1c191821d87ae42,61
k9.activity.EditIdentity,EditIdentity,k9.activity,Interfacer,2011-08-01-k9-9335dacd463b4452fcc79d6cb1c191821d87ae42,116
k9.activity.FolderInfoHolder,FolderInfoHolder,k9.activity,Service Provider,2011-08-01-k9-9335dacd463b4452fcc79d6cb1c191821d87ae42,101
k9.activity.FolderList,FolderList,k9.activity,Interfacer,2011-08-01-k9-9335dacd463b4452fcc79d6cb1c191821d87ae42,519
k9.activity.FolderListFilter,FolderListFilter,k9.activity,Service Provider,2011-08-01-k9-9335dacd463b4452fcc79d6cb1c191821d87ae42,109
k9.activity.InsertableHtmlContent,InsertableHtmlContent,k9.activity,Information Holder,2011-08-01-k9-9335dacd463b4452fcc79d6cb1c191821d87ae42,135
k9.activity.K9Activity,K9Activity,k9.activity,Interfacer,2011-08-01-k9-9335dacd463b4452fcc79d6cb1c191821d87ae42,89
k9.activity.K9ExpandableListActivity,K9ExpandableListActivity,k9.activity,Interfacer,2011-08-01-k9-9335dacd463b4452fcc79d6cb1c191821d87ae42,14
k9.activity.K9ListActivity,K9ListActivity,k9.activity,Interfacer,2011-08-01-k9-9335dacd463b4452fcc79d6cb1c191821d87ae42,80
k9.activity.K9PreferenceActivity,K9PreferenceActivity,k9.activity,Coordinator,2011-08-01-k9-9335dacd463b4452fcc79d6cb1c191821d87ae42,57
k9.activity.LauncherShortcuts,LauncherShortcuts,k9.activity,Interfacer,2011-08-01-k9-9335dacd463b4452fcc79d6cb1c191821d87ae42,54
k9.activity.ManageIdentities,ManageIdentities,k9.activity,Interfacer,2011-08-01-k9-9335dacd463b4452fcc79d6cb1c191821d87ae42,120
k9.activity.MessageCompose,MessageCompose,k9.activity,Interfacer,2011-08-01-k9-9335dacd463b4452fcc79d6cb1c191821d87ae42,2214
k9.activity.MessageInfoHolder,MessageInfoHolder,k9.activity,Information Holder,2011-08-01-k9-9335dacd463b4452fcc79d6cb1c191821d87ae42,47
k9.activity.MessageList,MessageList,k9.activity,Interfacer,2011-08-01-k9-9335dacd463b4452fcc79d6cb1c191821d87ae42,1530
k9.activity.MessageReference,MessageReference,k9.activity,Interfacer,2011-08-01-k9-9335dacd463b4452fcc79d6cb1c191821d87ae42,135
k9.activity.MessageView,MessageView,k9.activity,Interfacer,2011-08-01-k9-9335dacd463b4452fcc79d6cb1c191821d87ae42,904
k9.activity.ProgressListener,ProgressListener,k9.activity,Service Provider,2011-08-01-k9-9335dacd463b4452fcc79d6cb1c191821d87ae42,31
k9.activity.Search,Search,k9.activity,Information Holder,2011-08-01-k9-9335dacd463b4452fcc79d6cb1c191821d87ae42,4
k9.activity.SearchModifier,SearchModifier,k9.activity,Information Holder,2011-08-01-k9-9335dacd463b4452fcc79d6cb1c191821d87ae42,17
k9.activity.setup.AccountSettings,AccountSettings,k9.activity.setup,Interfacer,2011-08-01-k9-9335dacd463b4452fcc79d6cb1c191821d87ae42,749
k9.activity.setup.AccountSetupAccountType,AccountSetupAccountType,k9.activity.setup,Interfacer,2011-08-01-k9-9335dacd463b4452fcc79d6cb1c191821d87ae42,95
k9.activity.setup.AccountSetupBasics,AccountSetupBasics,k9.activity.setup,Structurer,2011-08-01-k9-9335dacd463b4452fcc79d6cb1c191821d87ae42,339
k9.activity.setup.AccountSetupCheckSettings,AccountSetupCheckSettings,k9.activity.setup,Interfacer,2011-08-01-k9-9335dacd463b4452fcc79d6cb1c191821d87ae42,357
k9.activity.setup.AccountSetupComposition,AccountSetupComposition,k9.activity.setup,Interfacer,2011-08-01-k9-9335dacd463b4452fcc79d6cb1c191821d87ae42,116
k9.activity.setup.AccountSetupIncoming,AccountSetupIncoming,k9.activity.setup,Interfacer,2011-08-01-k9-9335dacd463b4452fcc79d6cb1c191821d87ae42,399
k9.activity.setup.AccountSetupNames,AccountSetupNames,k9.activity.setup,Interfacer,2011-08-01-k9-9335dacd463b4452fcc79d6cb1c191821d87ae42,81
k9.activity.setup.AccountSetupOptions,AccountSetupOptions,k9.activity.setup,Interfacer,2011-08-01-k9-9335dacd463b4452fcc79d6cb1c191821d87ae42,133
k9.activity.setup.AccountSetupOutgoing,AccountSetupOutgoing,k9.activity.setup,Interfacer,2011-08-01-k9-9335dacd463b4452fcc79d6cb1c191821d87ae42,288
k9.activity.setup.FolderSettings,FolderSettings,k9.activity.setup,Interfacer,2011-08-01-k9-9335dacd463b4452fcc79d6cb1c191821d87ae42,139
k9.activity.setup.FontSizeSettings,FontSizeSettings,k9.activity.setup,Interfacer,2011-08-01-k9-9335dacd463b4452fcc79d6cb1c191821d87ae42,150
k9.activity.setup.Prefs,Prefs,k9.activity.setup,Interfacer,2011-08-01-k9-9335dacd463b4452fcc79d6cb1c191821d87ae42,368
k9.activity.setup.SpinnerHelper,SpinnerHelper,k9.activity.setup,Service Provider,2011-08-01-k9-9335dacd463b4452fcc79d6cb1c191821d87ae42,47
k9.activity.setup.SpinnerOption,SpinnerOption,k9.activity.setup,Information Holder,2011-08-01-k9-9335dacd463b4452fcc79d6cb1c191821d87ae42,26
k9.controller.MessageDateComparator,MessageDateComparator,k9.controller,Service Provider,2011-08-01-k9-9335dacd463b4452fcc79d6cb1c191821d87ae42,17
k9.controller.MessageRemovalListener,MessageRemovalListener,k9.controller,Service Provider,2011-08-01-k9-9335dacd463b4452fcc79d6cb1c191821d87ae42,5
k9.controller.MessageRetrievalListener,MessageRetrievalListener,k9.controller,Service Provider,2011-08-01-k9-9335dacd463b4452fcc79d6cb1c191821d87ae42,12
k9.controller.MessagingController,MessagingController,k9.controller,Controller,2011-08-01-k9-9335dacd463b4452fcc79d6cb1c191821d87ae42,3755
k9.controller.MessagingControllerPushReceiver,MessagingControllerPushReceiver,k9.controller,Coordinator,2011-08-01-k9-9335dacd463b4452fcc79d6cb1c191821d87ae42,99
k9.controller.MessagingListener,MessagingListener,k9.controller,Service Provider,2011-08-01-k9-9335dacd463b4452fcc79d6cb1c191821d87ae42,142
k9.crypto.Apg,Apg,k9.crypto,Structurer,2011-08-01-k9-9335dacd463b4452fcc79d6cb1c191821d87ae42,427
k9.crypto.CryptoProvider,CryptoProvider,k9.crypto,Service Provider,2011-08-01-k9-9335dacd463b4452fcc79d6cb1c191821d87ae42,32
k9.crypto.None,None,k9.crypto,Information Holder,2011-08-01-k9-9335dacd463b4452fcc79d6cb1c191821d87ae42,64
k9.crypto.PgpData,PgpData,k9.crypto,Information Holder,2011-08-01-k9-9335dacd463b4452fcc79d6cb1c191821d87ae42,60
k9.helper.AutoSyncHelper,AutoSyncHelper,k9.helper,Service Provider,2011-08-01-k9-9335dacd463b4452fcc79d6cb1c191821d87ae42,102
k9.helper.AutoSyncSdk3,AutoSyncSdk3,k9.helper,Information Holder,2011-08-01-k9-9335dacd463b4452fcc79d6cb1c191821d87ae42,35
k9.helper.AutoSyncSdk4,AutoSyncSdk4,k9.helper,Information Holder,2011-08-01-k9-9335dacd463b4452fcc79d6cb1c191821d87ae42,35
k9.helper.AutoSyncSdk5,AutoSyncSdk5,k9.helper,Service Provider,2011-08-01-k9-9335dacd463b4452fcc79d6cb1c191821d87ae42,15
k9.helper.Contacts,Contacts,k9.helper,Service Provider,2011-08-01-k9-9335dacd463b4452fcc79d6cb1c191821d87ae42,175
k9.helper.ContactsSdk3_4,ContactsSdk3_4,k9.helper,Service Provider,2011-08-01-k9-9335dacd463b4452fcc79d6cb1c191821d87ae42,230
k9.helper.ContactsSdk5,ContactsSdk5,k9.helper,Structurer,2011-08-01-k9-9335dacd463b4452fcc79d6cb1c191821d87ae42,194
k9.helper.ContactsSdk5p,ContactsSdk5p,k9.helper,Service Provider,2011-08-01-k9-9335dacd463b4452fcc79d6cb1c191821d87ae42,97
k9.helper.DateFormatter,DateFormatter,k9.helper,Structurer,2011-08-01-k9-9335dacd463b4452fcc79d6cb1c191821d87ae42,67
k9.helper.DomainNameChecker,DomainNameChecker,k9.helper,Service Provider,2011-08-01-k9-9335dacd463b4452fcc79d6cb1c191821d87ae42,260
k9.helper.FileBrowserHelper,FileBrowserHelper,k9.helper,Service Provider,2011-08-01-k9-9335dacd463b4452fcc79d6cb1c191821d87ae42,105
k9.helper.HtmlConverter,HtmlConverter,k9.helper,Service Provider,2011-08-01-k9-9335dacd463b4452fcc79d6cb1c191821d87ae42,1046
k9.helper.IAutoSync,IAutoSync,k9.helper,Service Provider,2011-08-01-k9-9335dacd463b4452fcc79d6cb1c191821d87ae42,23
k9.helper.MediaScannerNotifier,MediaScannerNotifier,k9.helper,Service Provider,2011-08-01-k9-9335dacd463b4452fcc79d6cb1c191821d87ae42,32
k9.helper.MessageHelper,MessageHelper,k9.helper,Service Provider,2011-08-01-k9-9335dacd463b4452fcc79d6cb1c191821d87ae42,84
k9.helper.Regex,Regex,k9.helper,Information Holder,2011-08-01-k9-9335dacd463b4452fcc79d6cb1c191821d87ae42,211
k9.helper.SizeFormatter,SizeFormatter,k9.helper,Service Provider,2011-08-01-k9-9335dacd463b4452fcc79d6cb1c191821d87ae42,21
k9.helper.Utility,Utility,k9.helper,Service Provider,2011-08-01-k9-9335dacd463b4452fcc79d6cb1c191821d87ae42,557
k9.helper.power.TracingPowerManager,TracingPowerManager,k9.helper.power,Service Provider,2011-08-01-k9-9335dacd463b4452fcc79d6cb1c191821d87ae42,32
k9.mail.Address,Address,k9.mail,Service Provider,2011-08-01-k9-9335dacd463b4452fcc79d6cb1c191821d87ae42,313
k9.mail.Authentication,Authentication,k9.mail,Service Provider,2011-08-01-k9-9335dacd463b4452fcc79d6cb1c191821d87ae42,71
k9.mail.AuthenticationFailedException,AuthenticationFailedException,k9.mail,Information Holder,2011-08-01-k9-9335dacd463b4452fcc79d6cb1c191821d87ae42,10
k9.mail.Body,Body,k9.mail,Service Provider,2011-08-01-k9-9335dacd463b4452fcc79d6cb1c191821d87ae42,8
k9.mail.BodyPart,BodyPart,k9.mail,Information Holder,2011-08-01-k9-9335dacd463b4452fcc79d6cb1c191821d87ae42,10
k9.mail.CertificateValidationException,CertificateValidationException,k9.mail,Information Holder,2011-08-01-k9-9335dacd463b4452fcc79d6cb1c191821d87ae42,10
k9.mail.FetchProfile,FetchProfile,k9.mail,Structurer,2011-08-01-k9-9335dacd463b4452fcc79d6cb1c191821d87ae42,22
k9.mail.Flag,Flag,k9.mail,Information Holder,2011-08-01-k9-9335dacd463b4452fcc79d6cb1c191821d87ae42,48
k9.mail.Folder,Folder,k9.mail,Structurer,2011-08-01-k9-9335dacd463b4452fcc79d6cb1c191821d87ae42,158
k9.mail.Message,Message,k9.mail,Structurer,2011-08-01-k9-9335dacd463b4452fcc79d6cb1c191821d87ae42,164
k9.mail.MessagingException,MessagingException,k9.mail,Information Holder,2011-08-01-k9-9335dacd463b4452fcc79d6cb1c191821d87ae42,25
k9.mail.Multipart,Multipart,k9.mail,Structurer,2011-08-01-k9-9335dacd463b4452fcc79d6cb1c191821d87ae42,64
k9.mail.Part,Part,k9.mail,Service Provider,2011-08-01-k9-9335dacd463b4452fcc79d6cb1c191821d87ae42,18
k9.mail.PushReceiver,PushReceiver,k9.mail,Service Provider,2011-08-01-k9-9335dacd463b4452fcc79d6cb1c191821d87ae42,15
k9.mail.Pusher,Pusher,k9.mail,Service Provider,2011-08-01-k9-9335dacd463b4452fcc79d6cb1c191821d87ae42,14
k9.mail.Store,Store,k9.mail,Structurer,2011-08-01-k9-9335dacd463b4452fcc79d6cb1c191821d87ae42,97
k9.mail.Transport,Transport,k9.mail,Service Provider,2011-08-01-k9-9335dacd463b4452fcc79d6cb1c191821d87ae42,22
k9.mail.filter.Base64,Base64,k9.mail.filter,Service Provider,2011-08-01-k9-9335dacd463b4452fcc79d6cb1c191821d87ae42,689
k9.mail.filter.Base64OutputStream,Base64OutputStream,k9.mail.filter,Coordinator,2011-08-01-k9-9335dacd463b4452fcc79d6cb1c191821d87ae42,171
k9.mail.filter.CountingOutputStream,CountingOutputStream,k9.mail.filter,Information Holder,2011-08-01-k9-9335dacd463b4452fcc79d6cb1c191821d87ae42,27
k9.mail.filter.EOLConvertingOutputStream,EOLConvertingOutputStream,k9.mail.filter,Service Provider,2011-08-01-k9-9335dacd463b4452fcc79d6cb1c191821d87ae42,34
k9.mail.filter.FixedLengthInputStream,FixedLengthInputStream,k9.mail.filter,Service Provider,2011-08-01-k9-9335dacd463b4452fcc79d6cb1c191821d87ae42,52
k9.mail.filter.Hex,Hex,k9.mail.filter,Service Provider,2011-08-01-k9-9335dacd463b4452fcc79d6cb1c191821d87ae42,48
k9.mail.filter.LineWrapOutputStream,LineWrapOutputStream,k9.mail.filter,Service Provider,2011-08-01-k9-9335dacd463b4452fcc79d6cb1c191821d87ae42,73
k9.mail.filter.PeekableInputStream,PeekableInputStream,k9.mail.filter,Service Provider,2011-08-01-k9-9335dacd463b4452fcc79d6cb1c191821d87ae42,56
k9.mail.filter.SmtpDataStuffing,SmtpDataStuffing,k9.mail.filter,Service Provider,2011-08-01-k9-9335dacd463b4452fcc79d6cb1c191821d87ae42,28
k9.mail.filter.StatusOutputStream,StatusOutputStream,k9.mail.filter,Service Provider,2011-08-01-k9-9335dacd463b4452fcc79d6cb1c191821d87ae42,23
k9.mail.internet.BinaryTempFileBody,BinaryTempFileBody,k9.mail.internet,Information Holder,2011-08-01-k9-9335dacd463b4452fcc79d6cb1c191821d87ae42,44
k9.mail.internet.DecoderUtil,DecoderUtil,k9.mail.internet,Service Provider,2011-08-01-k9-9335dacd463b4452fcc79d6cb1c191821d87ae42,163
k9.mail.internet.EncoderUtil,EncoderUtil,k9.mail.internet,Service Provider,2011-08-01-k9-9335dacd463b4452fcc79d6cb1c191821d87ae42,148
k9.mail.internet.Iso2022JpToShiftJisInputStream,Iso2022JpToShiftJisInputStream,k9.mail.internet,Service Provider,2011-08-01-k9-9335dacd463b4452fcc79d6cb1c191821d87ae42,62
k9.mail.internet.MimeBodyPart,MimeBodyPart,k9.mail.internet,Structurer,2011-08-01-k9-9335dacd463b4452fcc79d6cb1c191821d87ae42,114
k9.mail.internet.MimeHeader,MimeHeader,k9.mail.internet,Structurer,2011-08-01-k9-9335dacd463b4452fcc79d6cb1c191821d87ae42,113
k9.mail.internet.MimeMessage,MimeMessage,k9.mail.internet,Information Holder,2011-08-01-k9-9335dacd463b4452fcc79d6cb1c191821d87ae42,368
k9.mail.internet.MimeMultipart,MimeMultipart,k9.mail.internet,Structurer,2011-08-01-k9-9335dacd463b4452fcc79d6cb1c191821d87ae42,72
k9.mail.internet.MimeUtility,MimeUtility,k9.mail.internet,Service Provider,2011-08-01-k9-9335dacd463b4452fcc79d6cb1c191821d87ae42,2332
k9.mail.internet.TextBody,TextBody,k9.mail.internet,Information Holder,2011-08-01-k9-9335dacd463b4452fcc79d6cb1c191821d87ae42,75
k9.mail.store.ImapResponseParser,ImapResponseParser,k9.mail.store,Service Provider,2011-08-01-k9-9335dacd463b4452fcc79d6cb1c191821d87ae42,345
k9.mail.store.ImapStore,ImapStore,k9.mail.store,Structurer,2011-08-01-k9-9335dacd463b4452fcc79d6cb1c191821d87ae42,381
k9.mail.store.LockableDatabase,LockableDatabase,k9.mail.store,Service Provider,2011-08-01-k9-9335dacd463b4452fcc79d6cb1c191821d87ae42,370
k9.mail.store.Pop3Store,Pop3Store,k9.mail.store,Service Provider,2011-08-01-k9-9335dacd463b4452fcc79d6cb1c191821d87ae42,127
k9.mail.store.StorageManager,StorageManager,k9.mail.store,Service Provider,2011-08-01-k9-9335dacd463b4452fcc79d6cb1c191821d87ae42,348
k9.mail.store.TrustManagerFactory,TrustManagerFactory,k9.mail.store,Interfacer,2011-08-01-k9-9335dacd463b4452fcc79d6cb1c191821d87ae42,126
k9.mail.store.UnavailableAccountException,UnavailableAccountException,k9.mail.store,Service Provider,2011-08-01-k9-9335dacd463b4452fcc79d6cb1c191821d87ae42,34
k9.mail.store.UnavailableStorageException,UnavailableStorageException,k9.mail.store,Information Holder,2011-08-01-k9-9335dacd463b4452fcc79d6cb1c191821d87ae42,19
k9.mail.store.WebDavStore,WebDavStore,k9.mail.store,Information Holder,2011-08-01-k9-9335dacd463b4452fcc79d6cb1c191821d87ae42,966
k9.mail.transport.SmtpTransport,SmtpTransport,k9.mail.transport,Interfacer,2011-08-01-k9-9335dacd463b4452fcc79d6cb1c191821d87ae42,507
k9.mail.transport.TrustedSocketFactory,TrustedSocketFactory,k9.mail.transport,Interfacer,2011-08-01-k9-9335dacd463b4452fcc79d6cb1c191821d87ae42,57
k9.mail.transport.WebDavTransport,WebDavTransport,k9.mail.transport,Service Provider,2011-08-01-k9-9335dacd463b4452fcc79d6cb1c191821d87ae42,33
k9.mail.transport.imap.ImapSettings,ImapSettings,k9.mail.transport.imap,Service Provider,2011-08-01-k9-9335dacd463b4452fcc79d6cb1c191821d87ae42,20
k9.preferences.CheckBoxListPreference,CheckBoxListPreference,k9.preferences,Service Provider,2011-08-01-k9-9335dacd463b4452fcc79d6cb1c191821d87ae42,58
k9.preferences.Editor,Editor,k9.preferences,Service Provider,2011-08-01-k9-9335dacd463b4452fcc79d6cb1c191821d87ae42,119
k9.preferences.Storage,Storage,k9.preferences,Structurer,2011-08-01-k9-9335dacd463b4452fcc79d6cb1c191821d87ae42,343
k9.preferences.TimePickerPreference,TimePickerPreference,k9.preferences,Interfacer,2011-08-01-k9-9335dacd463b4452fcc79d6cb1c191821d87ae42,148
k9.provider.AttachmentProvider,AttachmentProvider,k9.provider,Service Provider,2011-08-01-k9-9335dacd463b4452fcc79d6cb1c191821d87ae42,253
k9.provider.MessageProvider,MessageProvider,k9.provider,Coordinator,2011-08-01-k9-9335dacd463b4452fcc79d6cb1c191821d87ae42,227
k9.remotecontrol.AccountReceiver,AccountReceiver,k9.remotecontrol,Service Provider,2011-08-01-k9-9335dacd463b4452fcc79d6cb1c191821d87ae42,23
k9.remotecontrol.K9AccountReceptor,K9AccountReceptor,k9.remotecontrol,Service Provider,2011-08-01-k9-9335dacd463b4452fcc79d6cb1c191821d87ae42,10
k9.remotecontrol.K9RemoteControl,K9RemoteControl,k9.remotecontrol,Information Holder,2011-08-01-k9-9335dacd463b4452fcc79d6cb1c191821d87ae42,118
k9.service.BootReceiver,BootReceiver,k9.service,Service Provider,2011-08-01-k9-9335dacd463b4452fcc79d6cb1c191821d87ae42,119
k9.service.CoreReceiver,CoreReceiver,k9.service,Service Provider,2011-08-01-k9-9335dacd463b4452fcc79d6cb1c191821d87ae42,72
k9.service.CoreService,CoreService,k9.service,Interfacer,2011-08-01-k9-9335dacd463b4452fcc79d6cb1c191821d87ae42,137
k9.service.MailService,MailService,k9.service,Controller,2011-08-01-k9-9335dacd463b4452fcc79d6cb1c191821d87ae42,388
k9.service.PollService,PollService,k9.service,Service Provider,2011-08-01-k9-9335dacd463b4452fcc79d6cb1c191821d87ae42,56
k9.service.PushService,PushService,k9.service,Service Provider,2011-08-01-k9-9335dacd463b4452fcc79d6cb1c191821d87ae42,40
k9.service.RemoteControlReceiver,RemoteControlReceiver,k9.service,Service Provider,2011-08-01-k9-9335dacd463b4452fcc79d6cb1c191821d87ae42,40
k9.service.RemoteControlService,RemoteControlService,k9.service,Controller,2011-08-01-k9-9335dacd463b4452fcc79d6cb1c191821d87ae42,145
k9.service.ShutdownReceiver,ShutdownReceiver,k9.service,Service Provider,2011-08-01-k9-9335dacd463b4452fcc79d6cb1c191821d87ae42,34
k9.service.SleepService,SleepService,k9.service,Service Provider,2011-08-01-k9-9335dacd463b4452fcc79d6cb1c191821d87ae42,109
k9.service.StorageGoneReceiver,StorageGoneReceiver,k9.service,Service Provider,2011-08-01-k9-9335dacd463b4452fcc79d6cb1c191821d87ae42,35
k9.service.StorageReceiver,StorageReceiver,k9.service,Service Provider,2011-08-01-k9-9335dacd463b4452fcc79d6cb1c191821d87ae42,29
k9.view.AccessibleWebView,AccessibleWebView,k9.view,Coordinator,2011-08-01-k9-9335dacd463b4452fcc79d6cb1c191821d87ae42,82
k9.view.AttachmentView,AttachmentView,k9.view,Interfacer,2011-08-01-k9-9335dacd463b4452fcc79d6cb1c191821d87ae42,256
k9.view.ColorChip,ColorChip,k9.view,Information Holder,2011-08-01-k9-9335dacd463b4452fcc79d6cb1c191821d87ae42,23
k9.view.ColorPickerBox,ColorPickerBox,k9.view,Interfacer,2011-08-01-k9-9335dacd463b4452fcc79d6cb1c191821d87ae42,54
k9.view.MessageCryptoView,MessageCryptoView,k9.view,Interfacer,2011-08-01-k9-9335dacd463b4452fcc79d6cb1c191821d87ae42,124
k9.view.MessageHeader,MessageHeader,k9.view,Interfacer,2011-08-01-k9-9335dacd463b4452fcc79d6cb1c191821d87ae42,263
k9.view.MessageWebView,MessageWebView,k9.view,Interfacer,2011-08-01-k9-9335dacd463b4452fcc79d6cb1c191821d87ae42,97
k9.view.SingleMessageView,SingleMessageView,k9.view,Interfacer,2011-08-01-k9-9335dacd463b4452fcc79d6cb1c191821d87ae42,267
k9.view.ToggleScrollView,ToggleScrollView,k9.view,Interfacer,2011-08-01-k9-9335dacd463b4452fcc79d6cb1c191821d87ae42,38
